product_id,current_stock,warehouse_location,last_restock_date
SKU00000,36,WH_C,2025-12-05
SKU00001,34,WH_B,2025-12-06
SKU00002,87,WH_A,2026-01-05
SKU00003,109,WH_A,2025-12-30
SKU00004,29,WH_C,2026-01-18
SKU00005,24,WH_B,2026-01-19
SKU00006,65,WH_B,2025-12-06
SKU00007,7,WH_C,2026-01-13
SKU00008,6,WH_B,2025-12-29
SKU00009,90,WH_C,2025-12-26
SKU00010,21,WH_C,2025-12-28
SKU00011,32,WH_B,2025-12-12
SKU00012,27,WH_C,2026-01-04
SKU00013,7,WH_B,2025-12-23
SKU00014,39,WH_A,2026-01-06
SKU00015,155,WH_C,2025-12-16
SKU00016,40,WH_B,2025-12-23
SKU00017,20,WH_B,2026-01-13
SKU00018,55,WH_A,2025-12-07
SKU00019,77,WH_C,2025-12-21
SKU00020,28,WH_C,2026-01-12
SKU00021,25,WH_C,2026-01-03
SKU00022,13,WH_C,2025-12-08
SKU00023,55,WH_C,2025-12-02
SKU00024,46,WH_C,2025-12-01
SKU00025,74,WH_A,2025-12-27
SKU00026,7,WH_A,2026-01-20
SKU00027,22,WH_C,2026-01-20
SKU00028,140,WH_B,2026-01-04
SKU00029,66,WH_C,2025-12-01
SKU00030,70,WH_A,2025-12-27
SKU00031,64,WH_C,2025-12-11
SKU00032,44,WH_C,2026-01-19
SKU00033,8,WH_A,2026-01-03
SKU00034,2,WH_A,2025-12-01
SKU00035,29,WH_A,2026-01-06
SKU00036,38,WH_B,2026-01-13
SKU00037,78,WH_A,2026-01-16
SKU00038,45,WH_A,2026-01-10
SKU00039,56,WH_C,2025-12-01
SKU00040,120,WH_C,2026-01-04
SKU00041,37,WH_A,2025-12-20
SKU00042,4,WH_B,2026-01-18
SKU00043,18,WH_A,2026-01-03
SKU00044,386,WH_C,2025-12-02
SKU00045,14,WH_C,2026-01-10
SKU00046,50,WH_B,2025-12-20
SKU00047,2,WH_B,2025-12-02
SKU00048,12,WH_A,2026-01-18
SKU00049,53,WH_B,2026-01-13
SKU00050,57,WH_A,2025-12-10
SKU00051,54,WH_A,2025-12-23
SKU00052,277,WH_B,2025-12-09
SKU00053,93,WH_A,2025-12-20
SKU00054,42,WH_B,2026-01-10
SKU00055,51,WH_C,2026-01-07
SKU00056,67,WH_B,2026-01-20
SKU00057,174,WH_C,2025-12-12
SKU00058,52,WH_A,2025-12-13
SKU00059,88,WH_C,2025-12-16
SKU00060,15,WH_B,2025-12-03
SKU00061,54,WH_C,2025-12-26
SKU00062,25,WH_A,2026-01-09
SKU00063,4,WH_C,2026-01-02
SKU00064,75,WH_C,2026-01-05
SKU00065,136,WH_B,2025-12-28
SKU00066,17,WH_C,2026-01-19
SKU00067,28,WH_A,2025-12-16
SKU00068,30,WH_B,2025-12-05
SKU00069,57,WH_B,2025-12-21
SKU00070,2,WH_B,2025-12-21
SKU00071,16,WH_C,2026-01-11
SKU00072,157,WH_B,2025-12-29
SKU00073,18,WH_B,2025-12-23
SKU00074,59,WH_A,2026-01-18
SKU00075,98,WH_C,2026-01-20
SKU00076,39,WH_C,2025-12-29
SKU00077,66,WH_B,2025-12-14
SKU00078,32,WH_A,2025-12-10
SKU00079,56,WH_C,2026-01-01
SKU00080,7,WH_B,2025-12-31
SKU00081,23,WH_C,2025-12-02
SKU00082,35,WH_A,2025-12-13
SKU00083,11,WH_C,2026-01-17
SKU00084,12,WH_B,2026-01-17
SKU00085,34,WH_C,2026-01-02
SKU00086,5,WH_C,2025-12-21
SKU00087,65,WH_A,2026-01-11
SKU00088,64,WH_B,2025-12-21
SKU00089,220,WH_B,2025-12-26
SKU00090,24,WH_C,2025-12-06
SKU00091,287,WH_C,2026-01-14
SKU00092,66,WH_B,2026-01-08
SKU00093,33,WH_B,2026-01-11
SKU00094,64,WH_B,2025-12-21
SKU00095,26,WH_B,2026-01-08
SKU00096,15,WH_B,2025-12-28
SKU00097,67,WH_A,2026-01-11
SKU00098,49,WH_C,2026-01-04
SKU00099,66,WH_A,2026-01-07
SKU00100,23,WH_C,2025-12-02
SKU00101,31,WH_A,2026-01-13
SKU00102,44,WH_B,2025-12-13
SKU00103,70,WH_A,2026-01-05
SKU00104,30,WH_A,2026-01-20
SKU00105,52,WH_A,2026-01-16
SKU00106,6,WH_A,2025-12-23
SKU00107,38,WH_B,2025-12-16
SKU00108,96,WH_B,2025-12-26
SKU00109,20,WH_A,2025-12-31
SKU00110,59,WH_C,2025-12-17
SKU00111,8,WH_A,2025-12-31
SKU00112,36,WH_C,2025-12-08
SKU00113,89,WH_A,2026-01-01
SKU00114,32,WH_A,2026-01-02
SKU00115,30,WH_C,2025-12-21
SKU00116,49,WH_C,2026-01-20
SKU00117,50,WH_A,2025-12-03
SKU00118,8,WH_A,2025-12-04
SKU00119,75,WH_C,2026-01-04
SKU00120,196,WH_B,2025-12-22
SKU00121,27,WH_C,2026-01-14
SKU00122,29,WH_B,2025-12-13
SKU00123,115,WH_B,2025-12-30
SKU00124,22,WH_A,2026-01-03
SKU00125,55,WH_B,2026-01-01
SKU00126,28,WH_C,2025-12-30
SKU00127,28,WH_B,2025-12-26
SKU00128,82,WH_B,2026-01-15
SKU00129,72,WH_A,2025-12-08
SKU00130,109,WH_C,2025-12-08
SKU00131,9,WH_C,2026-01-08
SKU00132,28,WH_C,2026-01-05
SKU00133,28,WH_B,2025-12-27
SKU00134,29,WH_A,2025-12-23
SKU00135,252,WH_C,2025-12-28
SKU00136,26,WH_A,2025-12-21
SKU00137,72,WH_B,2025-12-13
SKU00138,96,WH_A,2025-12-07
SKU00139,109,WH_B,2025-12-16
SKU00140,104,WH_A,2026-01-07
SKU00141,36,WH_B,2026-01-06
SKU00142,20,WH_A,2025-12-21
SKU00143,60,WH_A,2025-12-05
SKU00144,26,WH_A,2025-12-13
SKU00145,23,WH_C,2025-12-17
SKU00146,67,WH_B,2025-12-20
SKU00147,232,WH_C,2026-01-11
SKU00148,28,WH_A,2025-12-28
SKU00149,58,WH_A,2025-12-25
SKU00150,22,WH_C,2025-12-25
SKU00151,5,WH_A,2025-12-18
SKU00152,111,WH_C,2025-12-30
SKU00153,95,WH_A,2026-01-18
SKU00154,108,WH_C,2026-01-10
SKU00155,79,WH_A,2025-12-20
SKU00156,32,WH_B,2025-12-14
SKU00157,25,WH_A,2025-12-05
SKU00158,176,WH_A,2025-12-10
SKU00159,41,WH_C,2026-01-14
SKU00160,92,WH_B,2025-12-11
SKU00161,37,WH_A,2025-12-14
SKU00162,84,WH_B,2025-12-09
SKU00163,65,WH_A,2025-12-29
SKU00164,69,WH_C,2026-01-05
SKU00165,101,WH_C,2026-01-05
SKU00166,81,WH_A,2025-12-15
SKU00167,86,WH_C,2025-12-16
SKU00168,149,WH_C,2025-12-02
SKU00169,30,WH_B,2025-12-03
SKU00170,65,WH_B,2025-12-14
SKU00171,35,WH_C,2026-01-06
SKU00172,31,WH_C,2025-12-23
SKU00173,10,WH_A,2025-12-28
SKU00174,68,WH_C,2026-01-14
SKU00175,33,WH_B,2025-12-25
SKU00176,24,WH_A,2026-01-10
SKU00177,27,WH_A,2025-12-18
SKU00178,137,WH_A,2026-01-01
SKU00179,43,WH_C,2026-01-13
SKU00180,118,WH_B,2025-12-22
SKU00181,150,WH_C,2025-12-12
SKU00182,9,WH_C,2025-12-28
SKU00183,23,WH_C,2026-01-12
SKU00184,124,WH_A,2025-12-02
SKU00185,43,WH_B,2025-12-26
SKU00186,27,WH_C,2025-12-01
SKU00187,9,WH_B,2025-12-20
SKU00188,84,WH_C,2025-12-26
SKU00189,37,WH_A,2026-01-18
SKU00190,55,WH_B,2026-01-06
SKU00191,77,WH_B,2025-12-17
SKU00192,74,WH_C,2025-12-23
SKU00193,51,WH_A,2025-12-31
SKU00194,13,WH_A,2025-12-01
SKU00195,56,WH_A,2025-12-19
SKU00196,105,WH_A,2025-12-23
SKU00197,54,WH_C,2026-01-14
SKU00198,20,WH_A,2025-12-04
SKU00199,36,WH_B,2025-12-12
SKU00200,32,WH_A,2025-12-08
SKU00201,140,WH_B,2025-12-21
SKU00202,24,WH_B,2026-01-03
SKU00203,26,WH_A,2026-01-05
SKU00204,10,WH_B,2026-01-09
SKU00205,25,WH_B,2025-12-13
SKU00206,30,WH_C,2026-01-05
SKU00207,16,WH_B,2025-12-01
SKU00208,27,WH_B,2025-12-13
SKU00209,112,WH_B,2025-12-31
SKU00210,83,WH_A,2026-01-15
SKU00211,79,WH_C,2025-12-02
SKU00212,27,WH_B,2025-12-27
SKU00213,43,WH_C,2025-12-31
SKU00214,64,WH_A,2026-01-19
SKU00215,142,WH_A,2026-01-14
SKU00216,14,WH_C,2025-12-13
SKU00217,50,WH_C,2026-01-04
SKU00218,231,WH_B,2025-12-30
SKU00219,43,WH_C,2025-12-27
SKU00220,41,WH_B,2026-01-18
SKU00221,19,WH_A,2025-12-04
SKU00222,53,WH_A,2025-12-04
SKU00223,142,WH_C,2025-12-18
SKU00224,44,WH_B,2025-12-28
SKU00225,129,WH_B,2026-01-01
SKU00226,83,WH_C,2025-12-30
SKU00227,25,WH_C,2025-12-21
SKU00228,46,WH_B,2025-12-28
SKU00229,57,WH_B,2026-01-07
SKU00230,49,WH_B,2025-12-14
SKU00231,25,WH_A,2025-12-01
SKU00232,82,WH_B,2026-01-19
SKU00233,27,WH_B,2026-01-09
SKU00234,52,WH_B,2025-12-07
SKU00235,80,WH_A,2025-12-22
SKU00236,33,WH_C,2026-01-20
SKU00237,12,WH_C,2025-12-17
SKU00238,41,WH_B,2025-12-01
SKU00239,162,WH_B,2026-01-18
SKU00240,18,WH_C,2026-01-10
SKU00241,10,WH_C,2025-12-08
SKU00242,27,WH_B,2026-01-11
SKU00243,40,WH_A,2025-12-06
SKU00244,51,WH_A,2025-12-08
SKU00245,93,WH_C,2025-12-02
SKU00246,59,WH_B,2025-12-15
SKU00247,35,WH_B,2025-12-04
SKU00248,88,WH_C,2025-12-28
SKU00249,19,WH_C,2026-01-08
SKU00250,23,WH_C,2025-12-05
SKU00251,96,WH_B,2025-12-17
SKU00252,132,WH_C,2025-12-26
SKU00253,9,WH_A,2025-12-22
SKU00254,53,WH_A,2026-01-04
SKU00255,100,WH_B,2025-12-29
SKU00256,22,WH_B,2025-12-12
SKU00257,47,WH_B,2025-12-05
SKU00258,119,WH_A,2026-01-13
SKU00259,145,WH_A,2025-12-21
SKU00260,49,WH_A,2025-12-01
SKU00261,50,WH_B,2026-01-09
SKU00262,77,WH_C,2026-01-10
SKU00263,32,WH_A,2025-12-20
SKU00264,117,WH_A,2025-12-04
SKU00265,48,WH_B,2025-12-26
SKU00266,42,WH_A,2025-12-22
SKU00267,77,WH_B,2026-01-17
SKU00268,248,WH_C,2026-01-06
SKU00269,14,WH_C,2026-01-06
SKU00270,87,WH_C,2026-01-06
SKU00271,62,WH_C,2025-12-16
SKU00272,92,WH_B,2025-12-08
SKU00273,74,WH_C,2025-12-12
SKU00274,104,WH_B,2026-01-17
SKU00275,259,WH_C,2026-01-13
SKU00276,38,WH_A,2025-12-07
SKU00277,41,WH_C,2025-12-16
SKU00278,72,WH_C,2025-12-20
SKU00279,36,WH_A,2025-12-06
SKU00280,48,WH_C,2026-01-10
SKU00281,29,WH_C,2026-01-11
SKU00282,31,WH_C,2025-12-17
SKU00283,31,WH_B,2025-12-11
SKU00284,28,WH_A,2025-12-06
SKU00285,183,WH_B,2025-12-04
SKU00286,38,WH_B,2025-12-06
SKU00287,48,WH_B,2025-12-24
SKU00288,48,WH_A,2025-12-28
SKU00289,31,WH_A,2025-12-12
SKU00290,41,WH_A,2026-01-10
SKU00291,40,WH_B,2025-12-21
SKU00292,50,WH_A,2025-12-17
SKU00293,87,WH_A,2025-12-26
SKU00294,16,WH_C,2026-01-11
SKU00295,16,WH_A,2026-01-08
SKU00296,35,WH_B,2026-01-01
SKU00297,41,WH_C,2025-12-02
SKU00298,129,WH_B,2025-12-05
SKU00299,23,WH_C,2025-12-25
SKU00300,54,WH_B,2025-12-30
SKU00301,71,WH_A,2025-12-31
SKU00302,21,WH_A,2026-01-08
SKU00303,55,WH_B,2026-01-04
SKU00304,119,WH_A,2026-01-04
SKU00305,49,WH_B,2025-12-13
SKU00306,9,WH_A,2025-12-15
SKU00307,18,WH_C,2025-12-29
SKU00308,21,WH_A,2026-01-11
SKU00309,49,WH_A,2026-01-17
SKU00310,28,WH_B,2026-01-18
SKU00311,86,WH_A,2025-12-05
SKU00312,53,WH_A,2025-12-04
SKU00313,8,WH_B,2026-01-07
SKU00314,27,WH_C,2026-01-05
SKU00315,49,WH_A,2025-12-23
SKU00316,353,WH_A,2026-01-03
SKU00317,33,WH_B,2025-12-06
SKU00318,21,WH_A,2026-01-13
SKU00319,135,WH_C,2026-01-11
SKU00320,200,WH_A,2025-12-21
SKU00321,19,WH_C,2025-12-19
SKU00322,9,WH_A,2026-01-05
SKU00323,38,WH_C,2026-01-03
SKU00324,55,WH_B,2026-01-10
SKU00325,82,WH_A,2026-01-13
SKU00326,33,WH_C,2026-01-16
SKU00327,21,WH_C,2025-12-23
SKU00328,82,WH_C,2026-01-20
SKU00329,81,WH_C,2025-12-21
SKU00330,80,WH_C,2026-01-11
SKU00331,25,WH_A,2025-12-03
SKU00332,45,WH_C,2025-12-04
SKU00333,64,WH_A,2026-01-12
SKU00334,29,WH_B,2025-12-26
SKU00335,73,WH_A,2026-01-09
SKU00336,42,WH_B,2026-01-18
SKU00337,173,WH_B,2026-01-05
SKU00338,137,WH_C,2025-12-08
SKU00339,71,WH_B,2025-12-30
SKU00340,11,WH_B,2025-12-01
SKU00341,153,WH_A,2025-12-13
SKU00342,66,WH_A,2025-12-12
SKU00343,88,WH_C,2025-12-02
SKU00344,56,WH_C,2025-12-01
SKU00345,47,WH_A,2025-12-23
SKU00346,2,WH_C,2026-01-10
SKU00347,50,WH_B,2025-12-01
SKU00348,31,WH_A,2026-01-16
SKU00349,36,WH_C,2025-12-26
SKU00350,21,WH_B,2025-12-08
SKU00351,25,WH_C,2025-12-04
SKU00352,35,WH_C,2026-01-17
SKU00353,56,WH_A,2025-12-04
SKU00354,156,WH_C,2026-01-11
SKU00355,266,WH_B,2026-01-08
SKU00356,31,WH_A,2025-12-19
SKU00357,287,WH_A,2025-12-28
SKU00358,152,WH_A,2025-12-07
SKU00359,120,WH_C,2025-12-03
SKU00360,24,WH_B,2026-01-10
SKU00361,46,WH_A,2025-12-09
SKU00362,28,WH_A,2026-01-18
SKU00363,162,WH_A,2026-01-13
SKU00364,24,WH_A,2026-01-13
SKU00365,68,WH_A,2025-12-14
SKU00366,83,WH_C,2026-01-20
SKU00367,9,WH_B,2026-01-03
SKU00368,13,WH_A,2025-12-29
SKU00369,84,WH_C,2025-12-22
SKU00370,68,WH_A,2025-12-01
SKU00371,44,WH_C,2026-01-10
SKU00372,18,WH_A,2026-01-18
SKU00373,29,WH_B,2026-01-13
SKU00374,24,WH_A,2025-12-26
SKU00375,148,WH_C,2025-12-27
SKU00376,57,WH_B,2025-12-11
SKU00377,79,WH_B,2025-12-12
SKU00378,16,WH_B,2026-01-01
SKU00379,26,WH_C,2026-01-10
SKU00380,146,WH_C,2025-12-10
SKU00381,44,WH_C,2025-12-20
SKU00382,24,WH_A,2026-01-06
SKU00383,14,WH_A,2025-12-06
SKU00384,82,WH_C,2026-01-06
SKU00385,9,WH_A,2025-12-07
SKU00386,63,WH_A,2025-12-16
SKU00387,45,WH_C,2026-01-10
SKU00388,123,WH_A,2025-12-23
SKU00389,69,WH_B,2025-12-04
SKU00390,268,WH_B,2025-12-10
SKU00391,49,WH_B,2025-12-11
SKU00392,51,WH_B,2025-12-17
SKU00393,32,WH_C,2025-12-09
SKU00394,47,WH_A,2026-01-03
SKU00395,111,WH_C,2025-12-24
SKU00396,52,WH_A,2025-12-26
SKU00397,28,WH_A,2025-12-12
SKU00398,14,WH_C,2026-01-16
SKU00399,82,WH_C,2026-01-07
SKU00400,24,WH_B,2026-01-17
SKU00401,11,WH_A,2026-01-07
SKU00402,24,WH_C,2025-12-13
SKU00403,79,WH_B,2025-12-20
SKU00404,18,WH_A,2026-01-06
SKU00405,132,WH_A,2025-12-16
SKU00406,9,WH_A,2025-12-14
SKU00407,39,WH_C,2025-12-29
SKU00408,43,WH_C,2025-12-25
SKU00409,64,WH_A,2025-12-24
SKU00410,106,WH_A,2025-12-07
SKU00411,145,WH_B,2025-12-06
SKU00412,40,WH_B,2026-01-01
SKU00413,17,WH_C,2025-12-03
SKU00414,71,WH_C,2025-12-04
SKU00415,58,WH_C,2026-01-05
SKU00416,61,WH_C,2026-01-08
SKU00417,20,WH_A,2026-01-20
SKU00418,287,WH_C,2025-12-15
SKU00419,24,WH_C,2025-12-02
SKU00420,65,WH_A,2025-12-17
SKU00421,167,WH_B,2026-01-11
SKU00422,28,WH_B,2026-01-08
SKU00423,52,WH_C,2025-12-10
SKU00424,30,WH_A,2025-12-15
SKU00425,94,WH_A,2026-01-07
SKU00426,12,WH_B,2025-12-13
SKU00427,27,WH_A,2025-12-14
SKU00428,69,WH_C,2026-01-19
SKU00429,14,WH_C,2026-01-18
SKU00430,16,WH_B,2025-12-22
SKU00431,17,WH_C,2025-12-24
SKU00432,97,WH_A,2025-12-07
SKU00433,48,WH_B,2026-01-14
SKU00434,8,WH_C,2026-01-02
SKU00435,40,WH_A,2026-01-01
SKU00436,47,WH_A,2026-01-14
SKU00437,2,WH_C,2026-01-05
SKU00438,337,WH_C,2025-12-04
SKU00439,17,WH_A,2025-12-19
SKU00440,42,WH_C,2026-01-04
SKU00441,112,WH_C,2026-01-19
SKU00442,27,WH_C,2026-01-19
SKU00443,74,WH_C,2026-01-01
SKU00444,19,WH_C,2025-12-06
SKU00445,80,WH_C,2025-12-15
SKU00446,34,WH_C,2025-12-16
SKU00447,9,WH_C,2026-01-08
SKU00448,10,WH_A,2025-12-21
SKU00449,26,WH_B,2025-12-14
SKU00450,68,WH_A,2025-12-02
SKU00451,27,WH_C,2026-01-08
SKU00452,30,WH_A,2026-01-12
SKU00453,28,WH_B,2025-12-31
SKU00454,67,WH_B,2026-01-02
SKU00455,32,WH_B,2025-12-22
SKU00456,94,WH_C,2025-12-06
SKU00457,34,WH_A,2025-12-02
SKU00458,9,WH_B,2025-12-27
SKU00459,121,WH_C,2026-01-07
SKU00460,12,WH_B,2026-01-07
SKU00461,216,WH_C,2025-12-09
SKU00462,54,WH_A,2026-01-04
SKU00463,34,WH_A,2025-12-04
SKU00464,29,WH_C,2025-12-05
SKU00465,24,WH_B,2026-01-12
SKU00466,84,WH_B,2026-01-17
SKU00467,17,WH_A,2026-01-16
SKU00468,20,WH_C,2026-01-02
SKU00469,19,WH_A,2026-01-08
SKU00470,23,WH_A,2026-01-18
SKU00471,65,WH_B,2025-12-22
SKU00472,71,WH_B,2025-12-14
SKU00473,102,WH_C,2026-01-14
SKU00474,45,WH_B,2025-12-18
SKU00475,239,WH_A,2025-12-15
SKU00476,30,WH_C,2025-12-25
SKU00477,30,WH_A,2025-12-28
SKU00478,16,WH_A,2025-12-10
SKU00479,29,WH_A,2026-01-12
SKU00480,10,WH_C,2026-01-09
SKU00481,100,WH_B,2025-12-23
SKU00482,125,WH_B,2025-12-17
SKU00483,26,WH_B,2026-01-16
SKU00484,79,WH_A,2026-01-10
SKU00485,51,WH_A,2026-01-14
SKU00486,23,WH_C,2026-01-20
SKU00487,41,WH_A,2025-12-11
SKU00488,96,WH_C,2026-01-19
SKU00489,8,WH_B,2025-12-11
SKU00490,35,WH_B,2025-12-02
SKU00491,17,WH_B,2026-01-04
SKU00492,82,WH_C,2025-12-01
SKU00493,15,WH_B,2025-12-07
SKU00494,23,WH_C,2025-12-22
SKU00495,26,WH_B,2026-01-16
SKU00496,16,WH_B,2025-12-21
SKU00497,16,WH_A,2025-12-07
SKU00498,29,WH_C,2026-01-18
SKU00499,12,WH_C,2026-01-20
